product_id,name,description,price,quantity,category_id,brand,size,color,image_url,change_id,change_amount,changed_by,change_date
201,Classic T-Shirt,"Cotton, unisex",25.99,100,1,Nike,M,White,https://img.com/tshirt.jpg,1,10,103,2025-04-01
202,Leather Jacket,"Real leather, warm",149.99,20,2,Zara,L,Black,https://img.com/jacket.jpg,2,-5,103,2025-04-02
203,Silver Necklace,"Sterling silver",59.00,50,3,Guess,One Size,Silver,https://img.com/necklace.jpg,3,20,103,2025-04-03
204,Sneakers,"Running shoes",89.90,30,4,Adidas,42,White,https://img.com/sneakers.jpg,4,-5,103,2025-04-02
